match_no,match,innings,bowler,overs,maidens,runs,wickets,economy
1,Janakpur Bolts vs Kathmandu Gorkhas,1,Karan KC,4.0,0,30,1,7.5
1,Janakpur Bolts vs Kathmandu Gorkhas,1,Rashid Khan,2.0,0,20,0,10.0
1,Janakpur Bolts vs Kathmandu Gorkhas,1,Milind Kumar,4.0,0,15,3,3.75
1,Janakpur Bolts vs Kathmandu Gorkhas,1,Gerhard Erasmus,3.0,0,23,0,7.66
1,Janakpur Bolts vs Kathmandu Gorkhas,1,Shahab Alam,4.0,0,20,1,5.0
1,Janakpur Bolts vs Kathmandu Gorkhas,1,Santosh Yadav,3.0,0,17,1,5.66
1,Janakpur Bolts vs Kathmandu Gorkhas,2,Kishor Mahato,3.0,0,28,1,9.33
1,Janakpur Bolts vs Kathmandu Gorkhas,2,Anil Sah,4.0,0,26,1,6.5
1,Janakpur Bolts vs Kathmandu Gorkhas,2,Lalit Rajbanshi,4.0,0,26,1,6.5
1,Janakpur Bolts vs Kathmandu Gorkhas,2,Rupesh Singh,1.0,0,15,0,15.0
1,Janakpur Bolts vs Kathmandu Gorkhas,2,Jan Nicol Loftie-Eaton,3.0,0,16,1,5.33
1,Janakpur Bolts vs Kathmandu Gorkhas,2,Bikash Aagri,1.0,0,5,0,5.0
1,Janakpur Bolts vs Kathmandu Gorkhas,2,Lahiru Samarakoon,1.0,0,6,0,6.0
1,Janakpur Bolts vs Kathmandu Gorkhas,2,Sanjay Krishnamurthi,1.0,0,8,1,8.0
2,Chitwan Rhinos vs Karnali Yaks,1,Sohail Tanvir,4.0,0,26,1,6.5
2,Chitwan Rhinos vs Karnali Yaks,1,Rijan Dhakal,3.0,0,36,0,12.0
2,Chitwan Rhinos vs Karnali Yaks,1,Kamal Airee,4.0,0,35,0,8.75
2,Chitwan Rhinos vs Karnali Yaks,1,Kushal Malla,3.0,0,29,0,9.66
2,Chitwan Rhinos vs Karnali Yaks,1,Saif Zaib,3.0,0,15,1,5.0
2,Chitwan Rhinos vs Karnali Yaks,1,Ravi Bopara,3.0,0,18,1,6.0
2,Chitwan Rhinos vs Karnali Yaks,2,Sompal Kami,4.0,0,33,2,8.25
2,Chitwan Rhinos vs Karnali Yaks,2,Unish Singh,3.0,0,24,1,8.0
2,Chitwan Rhinos vs Karnali Yaks,2,Nandan Yadav,3.1,0,33,0,10.42
2,Chitwan Rhinos vs Karnali Yaks,2,Mark Watt,4.0,0,33,1,8.25
2,Chitwan Rhinos vs Karnali Yaks,2,Gulsan Jha,2.0,0,21,0,10.5
2,Chitwan Rhinos vs Karnali Yaks,2,Yuvraj Khatri,3.0,0,26,1,8.66
3,Biratnagar Kings vs Pokhara Avengers,1,Aakash Chand,4.0,0,48,1,12.0
3,Biratnagar Kings vs Pokhara Avengers,1,Matt Taylor,4.0,0,48,2,12.0
3,Biratnagar Kings vs Pokhara Avengers,1,Sagar Dhakal,4.0,0,40,1,10.0
3,Biratnagar Kings vs Pokhara Avengers,1,Dan Douthwaite,3.0,0,30,0,10.0
3,Biratnagar Kings vs Pokhara Avengers,1,Kushal Bhurtel,3.0,0,32,1,10.66
3,Biratnagar Kings vs Pokhara Avengers,1,James Neesham,2.0,0,22,0,11.0
3,Biratnagar Kings vs Pokhara Avengers,2,Marchant de Lange,3.5,0,48,2,12.52
3,Biratnagar Kings vs Pokhara Avengers,2,Pratis GC,3.0,0,29,2,9.66
3,Biratnagar Kings vs Pokhara Avengers,2,Shubham Ranjane,3.0,0,35,2,11.66
3,Biratnagar Kings vs Pokhara Avengers,2,Basir Ahamad,3.0,0,24,1,8.0
3,Biratnagar Kings vs Pokhara Avengers,2,Sandeep Lamichhane,4.0,0,18,2,4.5
3,Biratnagar Kings vs Pokhara Avengers,2,Surya Tamang,2.0,0,12,1,6.0
4,Kathmandu Gorkhas vs Sudur Paschim Royals,1,Karan KC,4.0,0,30,4,7.5
4,Kathmandu Gorkhas vs Sudur Paschim Royals,1,Shahab Alam,3.0,0,13,0,4.33
4,Kathmandu Gorkhas vs Sudur Paschim Royals,1,Milind Kumar,4.0,0,40,2,10.0
4,Kathmandu Gorkhas vs Sudur Paschim Royals,1,Sunny Patel,4.0,0,27,2,6.75
4,Kathmandu Gorkhas vs Sudur Paschim Royals,1,Santosh Yadav,1.0,0,9,0,9.0
4,Kathmandu Gorkhas vs Sudur Paschim Royals,1,Rashid Khan,4.0,0,23,2,5.75
4,Kathmandu Gorkhas vs Sudur Paschim Royals,2,Scott Kuggeleijn,3.0,0,18,2,6.0
4,Kathmandu Gorkhas vs Sudur Paschim Royals,2,Hemant Dhami,3.0,0,26,2,8.66
4,Kathmandu Gorkhas vs Sudur Paschim Royals,2,Harmeet Singh,4.0,0,21,2,5.25
4,Kathmandu Gorkhas vs Sudur Paschim Royals,2,Dipendra Singh Airee,2.0,0,26,0,13.0
4,Kathmandu Gorkhas vs Sudur Paschim Royals,2,Ishan Pandey,2.0,0,9,1,4.5
4,Kathmandu Gorkhas vs Sudur Paschim Royals,2,Naren Saud,2.0,0,11,1,5.5
4,Kathmandu Gorkhas vs Sudur Paschim Royals,2,Abinash Bohara,0.5,0,6,1,7.2
5,Chitwan Rhinos vs Lumbini Lions,1,Ruben Trumpelmann,4.0,0,23,3,5.75
5,Chitwan Rhinos vs Lumbini Lions,1,JJ Smit,1.0,0,7,0,7.0
5,Chitwan Rhinos vs Lumbini Lions,1,Abhishesh Gautam,3.0,0,15,2,5.0
5,Chitwan Rhinos vs Lumbini Lions,1,Sher Malla,4.0,0,21,0,5.25
5,Chitwan Rhinos vs Lumbini Lions,1,D'Arcy Short,4.0,0,41,0,10.25
5,Chitwan Rhinos vs Lumbini Lions,1,Gulbadin Naib,4.0,0,33,2,8.25
5,Chitwan Rhinos vs Lumbini Lions,2,Sohail Tanvir,4.0,0,30,1,7.5
5,Chitwan Rhinos vs Lumbini Lions,2,Rijan Dhakal,3.0,0,17,2,5.66
5,Chitwan Rhinos vs Lumbini Lions,2,Saif Zaib,4.0,0,26,0,6.5
5,Chitwan Rhinos vs Lumbini Lions,2,Kushal Malla,4.0,0,16,0,4.0
5,Chitwan Rhinos vs Lumbini Lions,2,Kamal Airee,3.0,0,44,0,14.66
5,Chitwan Rhinos vs Lumbini Lions,2,Dawid Malan,0.3,0,5,0,10.0
6,Pokhara Avengers vs Sudur Paschim Royals,1,Aakash Chand,4.0,0,44,2,11.0
6,Pokhara Avengers vs Sudur Paschim Royals,1,Bipin Khatri,3.0,0,23,0,7.66
6,Pokhara Avengers vs Sudur Paschim Royals,1,Sagar Dhakal,4.0,0,41,0,10.25
6,Pokhara Avengers vs Sudur Paschim Royals,1,Dan Douthwaite,4.0,0,24,2,6.0
6,Pokhara Avengers vs Sudur Paschim Royals,1,Kushal Bhurtel,1.0,0,10,0,10.0
6,Pokhara Avengers vs Sudur Paschim Royals,1,James Neesham,4.0,0,47,3,11.75
6,Pokhara Avengers vs Sudur Paschim Royals,2,Harmeet Singh,4.0,0,22,2,5.5
6,Pokhara Avengers vs Sudur Paschim Royals,2,Scott Kuggeleijn,4.0,0,33,1,8.25
6,Pokhara Avengers vs Sudur Paschim Royals,2,Dipendra Singh Airee,3.0,0,29,1,9.66
6,Pokhara Avengers vs Sudur Paschim Royals,2,Hemant Dhami,3.0,0,30,1,10.0
6,Pokhara Avengers vs Sudur Paschim Royals,2,Ishan Pandey,1.0,0,19,0,19.0
6,Pokhara Avengers vs Sudur Paschim Royals,2,Abinash Bohara,4.0,0,32,1,8.0
6,Pokhara Avengers vs Sudur Paschim Royals,2,Naren Saud,1.0,0,9,1,9.0
7,Karnali Yaks vs Lumbini Lions,1,Sompal Kami,3.0,0,22,1,7.33
7,Karnali Yaks vs Lumbini Lions,1,Nandan Yadav,4.0,0,38,2,9.5
7,Karnali Yaks vs Lumbini Lions,1,William Bosisto,2.0,0,19,0,9.5
7,Karnali Yaks vs Lumbini Lions,1,Gulsan Jha,2.0,0,16,1,8.0
7,Karnali Yaks vs Lumbini Lions,1,Mark Watt,3.0,0,16,1,5.33
7,Karnali Yaks vs Lumbini Lions,1,Bipin Sharma,3.0,0,19,1,6.33
7,Karnali Yaks vs Lumbini Lions,1,Yuvraj Khatri,3.0,0,22,1,7.33
7,Karnali Yaks vs Lumbini Lions,2,Ruben Trumpelmann,2.0,0,13,0,6.5
7,Karnali Yaks vs Lumbini Lions,2,JJ Smit,1.0,0,17,0,17.0
7,Karnali Yaks vs Lumbini Lions,2,Sher Malla,3.0,0,29,1,9.66
7,Karnali Yaks vs Lumbini Lions,2,Gulbadin Naib,2.0,0,25,0,12.5
7,Karnali Yaks vs Lumbini Lions,2,Abhishesh Gautam,1.0,0,12,0,12.0
7,Karnali Yaks vs Lumbini Lions,2,Rohit Paudel,2.0,0,38,0,19.0
7,Karnali Yaks vs Lumbini Lions,2,D'Arcy Short,1.2,0,23,0,17.25
8,Biratnagar Kings vs Kathmandu Gorkhas,1,Marchant de Lange,4.0,0,17,2,4.25
8,Biratnagar Kings vs Kathmandu Gorkhas,1,Pratis GC,4.0,0,37,0,9.25
8,Biratnagar Kings vs Kathmandu Gorkhas,1,Shubham Ranjane,3.0,0,28,1,9.33
8,Biratnagar Kings vs Kathmandu Gorkhas,1,Surya Tamang,2.0,0,12,1,6.0
8,Biratnagar Kings vs Kathmandu Gorkhas,1,Sandeep Lamichhane,4.0,0,26,1,6.5
8,Biratnagar Kings vs Kathmandu Gorkhas,1,Naren Bhatta,2.0,0,7,0,3.5
8,Biratnagar Kings vs Kathmandu Gorkhas,1,Narayan Joshi,1.0,0,6,0,6.0
8,Biratnagar Kings vs Kathmandu Gorkhas,2,Karan KC,3.1,0,28,1,8.84
8,Biratnagar Kings vs Kathmandu Gorkhas,2,Rashid Khan,3.0,0,32,0,10.66
8,Biratnagar Kings vs Kathmandu Gorkhas,2,Gerhard Erasmus,3.0,0,26,1,8.66
8,Biratnagar Kings vs Kathmandu Gorkhas,2,Shahab Alam,4.0,0,19,2,4.75
8,Biratnagar Kings vs Kathmandu Gorkhas,2,Santosh Yadav,4.0,0,30,1,7.5
9,Biratnagar Kings vs Janakpur Bolts,1,Sangeeth Cooray,4.0,0,26,2,6.5
9,Biratnagar Kings vs Janakpur Bolts,1,Anil Sah,4.0,0,26,0,6.5
9,Biratnagar Kings vs Janakpur Bolts,1,Lalit Rajbanshi,4.0,0,21,0,5.25
9,Biratnagar Kings vs Janakpur Bolts,1,Sanjay Krishnamurthi,2.0,0,11,0,5.5
9,Biratnagar Kings vs Janakpur Bolts,1,Aaditya Mahata,2.0,0,16,1,8.0
9,Biratnagar Kings vs Janakpur Bolts,1,Kishor Mahato,2.0,0,19,0,9.5
9,Biratnagar Kings vs Janakpur Bolts,1,Rupesh Singh,2.0,0,12,2,6.0
9,Biratnagar Kings vs Janakpur Bolts,2,Marchant de Lange,3.0,0,19,1,6.33
9,Biratnagar Kings vs Janakpur Bolts,2,Pratis GC,2.0,0,18,0,9.0
9,Biratnagar Kings vs Janakpur Bolts,2,Surya Tamang,4.0,0,20,2,5.0
9,Biratnagar Kings vs Janakpur Bolts,2,Naren Bhatta,4.0,0,21,0,5.25
9,Biratnagar Kings vs Janakpur Bolts,2,Sandeep Lamichhane,4.0,0,11,4,2.75
9,Biratnagar Kings vs Janakpur Bolts,2,Basir Ahamad,1.0,0,13,0,13.0
9,Biratnagar Kings vs Janakpur Bolts,2,Shubham Ranjane,2.0,0,22,1,11.0
10,Karnali Yaks vs Sudur Paschim Royals,1,Sompal Kami,4.0,1,32,3,8.0
10,Karnali Yaks vs Sudur Paschim Royals,1,Nandan Yadav,3.0,0,11,2,3.66
10,Karnali Yaks vs Sudur Paschim Royals,1,Mark Watt,4.0,0,19,1,4.75
10,Karnali Yaks vs Sudur Paschim Royals,1,Bipin Sharma,4.0,0,26,1,6.5
10,Karnali Yaks vs Sudur Paschim Royals,1,Yuvraj Khatri,3.0,0,29,1,9.66
10,Karnali Yaks vs Sudur Paschim Royals,1,William Bosisto,1.0,0,7,0,7.0
10,Karnali Yaks vs Sudur Paschim Royals,1,Pawan Sarraf,1.0,0,11,0,11.0
10,Karnali Yaks vs Sudur Paschim Royals,2,Scott Kuggeleijn,4.0,0,9,1,2.25
10,Karnali Yaks vs Sudur Paschim Royals,2,Dipendra Singh Airee,4.0,0,23,4,5.75
10,Karnali Yaks vs Sudur Paschim Royals,2,Hemant Dhami,2.0,0,11,1,5.5
10,Karnali Yaks vs Sudur Paschim Royals,2,Harmeet Singh,4.0,1,19,2,4.75
10,Karnali Yaks vs Sudur Paschim Royals,2,Naren Saud,2.0,0,14,0,7.0
10,Karnali Yaks vs Sudur Paschim Royals,2,Abinash Bohara,3.2,0,14,2,4.2
11,Kathmandu Gorkhas vs Lumbini Lions,1,Ruben Trumpelmann,4.0,0,43,2,10.75
11,Kathmandu Gorkhas vs Lumbini Lions,1,Sher Malla,4.0,0,33,2,8.25
11,Kathmandu Gorkhas vs Lumbini Lions,1,Abhishesh Gautam,2.0,0,22,0,11.0
11,Kathmandu Gorkhas vs Lumbini Lions,1,Gulbadin Naib,3.0,0,20,2,6.66
11,Kathmandu Gorkhas vs Lumbini Lions,1,Tilak Bhandari,3.0,0,14,0,4.66
11,Kathmandu Gorkhas vs Lumbini Lions,1,D'Arcy Short,3.0,0,13,0,4.33
11,Kathmandu Gorkhas vs Lumbini Lions,1,Rohit Paudel,1.0,0,9,2,9.0
11,Kathmandu Gorkhas vs Lumbini Lions,2,Karan KC,4.0,0,36,1,9.0
11,Kathmandu Gorkhas vs Lumbini Lions,2,Milind Kumar,4.0,0,18,2,4.5
11,Kathmandu Gorkhas vs Lumbini Lions,2,Gerhard Erasmus,4.0,0,27,2,6.75
11,Kathmandu Gorkhas vs Lumbini Lions,2,Shahab Alam,3.0,0,31,1,10.33
11,Kathmandu Gorkhas vs Lumbini Lions,2,Santosh Yadav,1.0,0,3,1,3.0
11,Kathmandu Gorkhas vs Lumbini Lions,2,Rashid Khan,3.1,0,16,1,5.05
12,Biratnagar Kings vs Chitwan Rhinos,1,Pratis GC,2.0,0,22,0,11.0
12,Biratnagar Kings vs Chitwan Rhinos,1,Marchant de Lange,4.0,0,27,2,6.75
12,Biratnagar Kings vs Chitwan Rhinos,1,Narayan Joshi,2.0,0,16,0,8.0
12,Biratnagar Kings vs Chitwan Rhinos,1,Surya Tamang,1.0,0,14,0,14.0
12,Biratnagar Kings vs Chitwan Rhinos,1,Sandeep Lamichhane,4.0,0,24,2,6.0
12,Biratnagar Kings vs Chitwan Rhinos,1,Naren Bhatta,2.0,0,28,0,14.0
12,Biratnagar Kings vs Chitwan Rhinos,1,Basir Ahamad,3.0,0,22,0,7.33
12,Biratnagar Kings vs Chitwan Rhinos,1,Shubham Ranjane,2.0,0,20,1,10.0
12,Biratnagar Kings vs Chitwan Rhinos,2,Sohail Tanvir,3.0,0,16,1,5.33
12,Biratnagar Kings vs Chitwan Rhinos,2,Kamal Airee,3.0,0,25,2,8.33
12,Biratnagar Kings vs Chitwan Rhinos,2,Ranjit Kumar,4.0,0,21,5,5.25
12,Biratnagar Kings vs Chitwan Rhinos,2,Saif Zaib,3.0,0,13,1,4.33
12,Biratnagar Kings vs Chitwan Rhinos,2,Kushal Malla,3.5,0,46,1,12.0
13,Lumbini Lions vs Sudur Paschim Royals,1,Scott Kuggeleijn,4.0,0,28,1,7.0
13,Lumbini Lions vs Sudur Paschim Royals,1,Dipendra Singh Airee,4.0,0,30,0,7.5
13,Lumbini Lions vs Sudur Paschim Royals,1,Hemant Dhami,3.0,0,28,2,9.33
13,Lumbini Lions vs Sudur Paschim Royals,1,Harmeet Singh,3.4,0,22,3,6.0
13,Lumbini Lions vs Sudur Paschim Royals,1,Naren Saud,1.0,0,6,0,6.0
13,Lumbini Lions vs Sudur Paschim Royals,1,Abinash Bohara,4.0,0,26,3,6.5
13,Lumbini Lions vs Sudur Paschim Royals,2,Ruben Trumpelmann,3.0,0,27,1,9.0
13,Lumbini Lions vs Sudur Paschim Royals,2,Abhishesh Gautam,4.0,0,20,1,5.0
13,Lumbini Lions vs Sudur Paschim Royals,2,Sher Malla,1.0,0,12,0,12.0
13,Lumbini Lions vs Sudur Paschim Royals,2,Thomas Draca,3.2,0,26,0,7.8
13,Lumbini Lions vs Sudur Paschim Royals,2,D'Arcy Short,3.0,0,22,0,7.33
13,Lumbini Lions vs Sudur Paschim Royals,2,Gulbadin Naib,3.0,0,27,0,9.0
13,Lumbini Lions vs Sudur Paschim Royals,2,Tilak Bhandari,1.0,0,8,1,8.0
14,Janakpur Bolts vs Pokhara Avengers,1,Lalit Rajbanshi,4.0,0,40,1,10.0
14,Janakpur Bolts vs Pokhara Avengers,1,Wayne Parnell,3.0,0,27,0,9.0
14,Janakpur Bolts vs Pokhara Avengers,1,Kishor Mahato,2.0,0,11,0,5.5
14,Janakpur Bolts vs Pokhara Avengers,1,Maaz Sadaqat,4.0,0,30,0,7.5
14,Janakpur Bolts vs Pokhara Avengers,1,Sanjay Krishnamurthi,4.0,0,21,3,5.25
14,Janakpur Bolts vs Pokhara Avengers,1,Anil Sah,2.0,0,8,1,4.0
14,Janakpur Bolts vs Pokhara Avengers,1,Jan Nicol Loftie-Eaton,1.0,0,17,0,17.0
14,Janakpur Bolts vs Pokhara Avengers,2,Bipin Khatri,4.0,0,15,4,3.75
14,Janakpur Bolts vs Pokhara Avengers,2,Sumeet Verma,3.0,0,19,2,6.33
14,Janakpur Bolts vs Pokhara Avengers,2,Aakash Chand,1.0,0,12,0,12.0
14,Janakpur Bolts vs Pokhara Avengers,2,Sagar Dhakal,2.3,0,20,0,8.0
14,Janakpur Bolts vs Pokhara Avengers,2,Kushal Bhurtel,4.0,0,28,1,7.0
14,Janakpur Bolts vs Pokhara Avengers,2,Dan Douthwaite,3.3,0,25,0,7.14
14,Janakpur Bolts vs Pokhara Avengers,2,James Neesham,2.0,0,11,1,5.5
15,Chitwan Rhinos vs Kathmandu Gorkhas,1,Sohail Tanvir,4.0,0,25,4,6.25
15,Chitwan Rhinos vs Kathmandu Gorkhas,1,Rijan Dhakal,2.0,0,13,0,6.5
15,Chitwan Rhinos vs Kathmandu Gorkhas,1,Ranjit Kumar,4.0,0,28,2,7.0
15,Chitwan Rhinos vs Kathmandu Gorkhas,1,Kamal Airee,2.4,0,19,2,7.12
15,Chitwan Rhinos vs Kathmandu Gorkhas,1,Saif Zaib,3.0,0,20,0,6.66
15,Chitwan Rhinos vs Kathmandu Gorkhas,1,Dev Khanal,1.0,0,6,0,6.0
15,Chitwan Rhinos vs Kathmandu Gorkhas,1,Ravi Bopara,3.0,0,29,1,9.66
15,Chitwan Rhinos vs Kathmandu Gorkhas,2,Karan KC,4.0,0,23,2,5.75
15,Chitwan Rhinos vs Kathmandu Gorkhas,2,Milind Kumar,4.0,0,18,2,4.5
15,Chitwan Rhinos vs Kathmandu Gorkhas,2,Shahab Alam,4.0,0,26,2,6.5
15,Chitwan Rhinos vs Kathmandu Gorkhas,2,Dipesh Kandel,1.0,0,7,0,7.0
15,Chitwan Rhinos vs Kathmandu Gorkhas,2,Gerhard Erasmus,1.0,0,2,0,2.0
15,Chitwan Rhinos vs Kathmandu Gorkhas,2,Santosh Yadav,2.0,0,9,1,4.5
15,Chitwan Rhinos vs Kathmandu Gorkhas,2,Rashid Khan,1.2,0,3,3,2.25
16,Biratnagar Kings vs Karnali Yaks,1,Marchant de Lange,4.0,0,40,1,10.0
16,Biratnagar Kings vs Karnali Yaks,1,Pratis GC,3.0,0,22,0,7.33
16,Biratnagar Kings vs Karnali Yaks,1,Basir Ahamad,4.0,0,25,0,6.25
16,Biratnagar Kings vs Karnali Yaks,1,Sam Heazlett,4.0,0,32,0,8.0
16,Biratnagar Kings vs Karnali Yaks,1,Sandeep Lamichhane,4.0,0,24,1,6.0
16,Biratnagar Kings vs Karnali Yaks,1,Narayan Joshi,1.0,0,13,0,13.0
16,Biratnagar Kings vs Karnali Yaks,2,Sompal Kami,4.0,0,33,2,8.25
16,Biratnagar Kings vs Karnali Yaks,2,Pawan Sarraf,3.0,0,16,1,5.33
16,Biratnagar Kings vs Karnali Yaks,2,Nandan Yadav,3.5,0,32,1,8.34
16,Biratnagar Kings vs Karnali Yaks,2,William Bosisto,3.0,0,12,1,4.0
16,Biratnagar Kings vs Karnali Yaks,2,Mark Watt,3.0,0,35,0,11.66
16,Biratnagar Kings vs Karnali Yaks,2,Gulsan Jha,3.0,0,20,2,6.66
17,Lumbini Lions vs Pokhara Avengers,1,Abhishesh Gautam,3.0,0,33,0,11.0
17,Lumbini Lions vs Pokhara Avengers,1,Ruben Trumpelmann,4.0,0,35,0,8.75
17,Lumbini Lions vs Pokhara Avengers,1,Sher Malla,4.0,0,23,2,5.75
17,Lumbini Lions vs Pokhara Avengers,1,Gulbadin Naib,4.0,0,20,1,5.0
17,Lumbini Lions vs Pokhara Avengers,1,Tilak Bhandari,4.0,0,25,2,6.25
17,Lumbini Lions vs Pokhara Avengers,1,D'Arcy Short,1.0,0,14,0,14.0
17,Lumbini Lions vs Pokhara Avengers,2,Bipin Khatri,4.0,0,18,2,4.5
17,Lumbini Lions vs Pokhara Avengers,2,Sumeet Verma,4.0,0,34,0,8.5
17,Lumbini Lions vs Pokhara Avengers,2,Kushal Bhurtel,3.0,0,26,0,8.66
17,Lumbini Lions vs Pokhara Avengers,2,James Neesham,2.0,0,23,1,11.5
17,Lumbini Lions vs Pokhara Avengers,2,Matt Taylor,3.4,0,24,2,6.54
17,Lumbini Lions vs Pokhara Avengers,2,Sagar Dhakal,3.0,0,24,2,8.0
18,Janakpur Bolts vs Sudur Paschim Royals,1,Scott Kuggeleijn,4.0,0,22,3,5.5
18,Janakpur Bolts vs Sudur Paschim Royals,1,Harmeet Singh,4.0,0,24,0,6.0
18,Janakpur Bolts vs Sudur Paschim Royals,1,Dipendra Singh Airee,3.0,0,30,1,10.0
18,Janakpur Bolts vs Sudur Paschim Royals,1,Hemant Dhami,3.0,0,24,0,8.0
18,Janakpur Bolts vs Sudur Paschim Royals,1,Ishan Pandey,2.0,0,13,0,6.5
18,Janakpur Bolts vs Sudur Paschim Royals,1,Abinash Bohara,4.0,0,30,4,7.5
18,Janakpur Bolts vs Sudur Paschim Royals,2,Maaz Sadaqat,4.0,0,25,2,6.25
18,Janakpur Bolts vs Sudur Paschim Royals,2,Sanjay Krishnamurthi,3.0,0,17,1,5.66
18,Janakpur Bolts vs Sudur Paschim Royals,2,Lalit Rajbanshi,3.4,0,32,0,8.72
18,Janakpur Bolts vs Sudur Paschim Royals,2,Kishor Mahato,1.0,0,13,0,13.0
18,Janakpur Bolts vs Sudur Paschim Royals,2,Mayan Yadav,1.0,0,7,0,7.0
18,Janakpur Bolts vs Sudur Paschim Royals,2,Rupesh Singh,3.0,0,20,0,6.66
18,Janakpur Bolts vs Sudur Paschim Royals,2,Aaditya Mahata,2.0,0,23,1,11.5
19,Karnali Yaks vs Kathmandu Gorkhas,1,Karan KC,4.0,0,26,1,6.5
19,Karnali Yaks vs Kathmandu Gorkhas,1,Milind Kumar,4.0,0,24,1,6.0
19,Karnali Yaks vs Kathmandu Gorkhas,1,Rashid Khan,4.0,0,37,2,9.25
19,Karnali Yaks vs Kathmandu Gorkhas,1,Gerhard Erasmus,3.0,0,20,0,6.66
19,Karnali Yaks vs Kathmandu Gorkhas,1,Shahab Alam,2.0,0,18,0,9.0
19,Karnali Yaks vs Kathmandu Gorkhas,1,Santosh Yadav,3.0,0,22,1,7.33
19,Karnali Yaks vs Kathmandu Gorkhas,2,Sompal Kami,3.0,0,35,0,11.66
19,Karnali Yaks vs Kathmandu Gorkhas,2,William Bosisto,3.0,0,28,0,9.33
19,Karnali Yaks vs Kathmandu Gorkhas,2,Nandan Yadav,4.0,0,35,3,8.75
19,Karnali Yaks vs Kathmandu Gorkhas,2,Mark Watt,1.0,0,6,0,6.0
19,Karnali Yaks vs Kathmandu Gorkhas,2,Pawan Sarraf,2.0,0,15,1,7.5
19,Karnali Yaks vs Kathmandu Gorkhas,2,Bipin Sharma,3.0,0,16,0,5.33
19,Karnali Yaks vs Kathmandu Gorkhas,2,Yuvraj Khatri,2.0,0,18,0,9.0
20,Chitwan Rhinos vs Janakpur Bolts,1,Maaz Sadaqat,4.0,1,23,1,5.75
20,Chitwan Rhinos vs Janakpur Bolts,1,Anil Sah,4.0,0,30,1,7.5
20,Chitwan Rhinos vs Janakpur Bolts,1,Sanjay Krishnamurthi,4.0,0,34,0,8.5
20,Chitwan Rhinos vs Janakpur Bolts,1,Sachin Bhatt,2.0,0,25,0,12.5
20,Chitwan Rhinos vs Janakpur Bolts,1,Aaditya Mahata,1.0,0,10,0,10.0
20,Chitwan Rhinos vs Janakpur Bolts,1,Rupesh Singh,3.0,0,36,1,12.0
20,Chitwan Rhinos vs Janakpur Bolts,1,Jan Nicol Loftie-Eaton,2.0,0,17,1,8.5
20,Chitwan Rhinos vs Janakpur Bolts,2,Sohail Tanvir,3.3,0,29,1,8.28
20,Chitwan Rhinos vs Janakpur Bolts,2,Kamal Airee,2.0,0,27,1,13.5
20,Chitwan Rhinos vs Janakpur Bolts,2,Kushal Malla,1.0,0,9,0,9.0
20,Chitwan Rhinos vs Janakpur Bolts,2,Ranjit Kumar,4.0,0,35,0,8.75
20,Chitwan Rhinos vs Janakpur Bolts,2,Saugat Dhakal,1.0,0,14,0,14.0
20,Chitwan Rhinos vs Janakpur Bolts,2,Ravi Bopara,2.0,0,22,0,11.0
20,Chitwan Rhinos vs Janakpur Bolts,2,Saif Zaib,2.0,0,22,0,11.0
20,Chitwan Rhinos vs Janakpur Bolts,2,Amar Routela,2.0,0,19,1,9.5
21,Karnali Yaks vs Pokhara Avengers,1,Bipin Sharma,3.0,0,27,0,9.0
21,Karnali Yaks vs Pokhara Avengers,1,Nandan Yadav,4.0,0,34,1,8.5
21,Karnali Yaks vs Pokhara Avengers,1,Sompal Kami,4.0,0,50,0,12.5
21,Karnali Yaks vs Pokhara Avengers,1,Mark Watt,3.0,0,24,1,8.0
21,Karnali Yaks vs Pokhara Avengers,1,Dipendra Rawat,2.0,0,15,0,7.5
21,Karnali Yaks vs Pokhara Avengers,1,Unish Singh,1.0,0,16,0,16.0
21,Karnali Yaks vs Pokhara Avengers,1,Gulsan Jha,3.0,0,35,0,11.66
21,Karnali Yaks vs Pokhara Avengers,2,Bipin Khatri,1.0,0,17,0,17.0
21,Karnali Yaks vs Pokhara Avengers,2,Dhananjaya Lakshan,4.0,0,31,3,7.75
21,Karnali Yaks vs Pokhara Avengers,2,Rishi Dhawan,4.0,0,37,3,9.25
21,Karnali Yaks vs Pokhara Avengers,2,Aakash Chand,1.0,0,11,0,11.0
21,Karnali Yaks vs Pokhara Avengers,2,Kiran Thagunna,3.0,0,23,1,7.66
21,Karnali Yaks vs Pokhara Avengers,2,Sandeep Chettri,1.0,0,5,1,5.0
21,Karnali Yaks vs Pokhara Avengers,2,Kushal Bhurtel,4.0,0,33,1,8.25
21,Karnali Yaks vs Pokhara Avengers,2,Sagar Dhakal,1.0,0,10,0,10.0
22,Biratnagar Kings vs Lumbini Lions,1,Sher Malla,4.0,0,25,3,6.25
22,Biratnagar Kings vs Lumbini Lions,1,JJ Smit,3.0,0,34,1,11.33
22,Biratnagar Kings vs Lumbini Lions,1,Abhishesh Gautam,4.0,0,22,1,5.5
22,Biratnagar Kings vs Lumbini Lions,1,Ruben Trumpelmann,4.0,0,24,1,6.0
22,Biratnagar Kings vs Lumbini Lions,1,Tilak Bhandari,4.0,0,28,0,7.0
22,Biratnagar Kings vs Lumbini Lions,1,D'Arcy Short,1.0,0,9,0,9.0
22,Biratnagar Kings vs Lumbini Lions,2,Marchant de Lange,4.0,0,34,0,8.5
22,Biratnagar Kings vs Lumbini Lions,2,Pratis GC,3.0,0,28,0,9.33
22,Biratnagar Kings vs Lumbini Lions,2,Subash Bhandari,4.0,0,30,2,7.5
22,Biratnagar Kings vs Lumbini Lions,2,Sandeep Lamichhane,4.0,0,20,2,5.0
22,Biratnagar Kings vs Lumbini Lions,2,Narayan Joshi,1.0,0,16,0,16.0
22,Biratnagar Kings vs Lumbini Lions,2,George Munsey,1.0,0,9,0,9.0
22,Biratnagar Kings vs Lumbini Lions,2,Basir Ahamad,0.4,0,7,1,10.5
23,Kathmandu Gorkhas vs Pokhara Avengers,1,Dhananjaya Lakshan,4.0,1,16,4,4.0
23,Kathmandu Gorkhas vs Pokhara Avengers,1,Rishi Dhawan,4.0,0,39,0,9.75
23,Kathmandu Gorkhas vs Pokhara Avengers,1,Aakash Chand,4.0,0,42,0,10.5
23,Kathmandu Gorkhas vs Pokhara Avengers,1,Bipin Khatri,2.0,0,24,1,12.0
23,Kathmandu Gorkhas vs Pokhara Avengers,1,Kushal Bhurtel,4.0,0,25,2,6.25
23,Kathmandu Gorkhas vs Pokhara Avengers,1,Kiran Thagunna,2.0,0,15,1,7.5
23,Kathmandu Gorkhas vs Pokhara Avengers,2,Karan KC,4.0,0,25,2,6.25
23,Kathmandu Gorkhas vs Pokhara Avengers,2,Sunny Patel,4.0,0,25,2,6.25
23,Kathmandu Gorkhas vs Pokhara Avengers,2,Shahab Alam,4.0,0,25,6,6.25
23,Kathmandu Gorkhas vs Pokhara Avengers,2,Santosh Yadav,1.0,0,6,0,6.0
23,Kathmandu Gorkhas vs Pokhara Avengers,2,Milind Kumar,3.0,0,26,0,8.66
23,Kathmandu Gorkhas vs Pokhara Avengers,2,Rashid Khan,3.0,0,34,0,11.33
23,Kathmandu Gorkhas vs Pokhara Avengers,2,Mohammad Aadil Alam,1.0,0,11,0,11.0
24,Chitwan Rhinos vs Sudur Paschim Royals,1,Kushal Malla,4.0,0,36,0,9.0
24,Chitwan Rhinos vs Sudur Paschim Royals,1,Rijan Dhakal,4.0,0,40,0,10.0
24,Chitwan Rhinos vs Sudur Paschim Royals,1,Ranjit Kumar,4.0,0,16,1,4.0
24,Chitwan Rhinos vs Sudur Paschim Royals,1,Saif Zaib,4.0,0,35,2,8.75
24,Chitwan Rhinos vs Sudur Paschim Royals,1,George Scrimshaw,4.0,0,40,1,10.0
24,Chitwan Rhinos vs Sudur Paschim Royals,2,Dipendra Singh Airee,3.0,0,9,1,3.0
24,Chitwan Rhinos vs Sudur Paschim Royals,2,Scott Kuggeleijn,2.0,0,16,0,8.0
24,Chitwan Rhinos vs Sudur Paschim Royals,2,Hikmat Mahara,2.0,0,14,1,7.0
24,Chitwan Rhinos vs Sudur Paschim Royals,2,Harmeet Singh,4.0,0,34,0,8.5
24,Chitwan Rhinos vs Sudur Paschim Royals,2,Abinash Bohara,3.0,0,26,1,8.66
24,Chitwan Rhinos vs Sudur Paschim Royals,2,Ishan Pandey,1.0,0,7,1,7.0
24,Chitwan Rhinos vs Sudur Paschim Royals,2,Puneet Mehra,2.1,0,14,3,6.46
25,Janakpur Bolts vs Lumbini Lions,1,JJ Smit,3.0,0,20,1,6.66
25,Janakpur Bolts vs Lumbini Lions,1,Abhishesh Gautam,3.0,0,21,0,7.0
25,Janakpur Bolts vs Lumbini Lions,1,Ruben Trumpelmann,4.0,0,37,1,9.25
25,Janakpur Bolts vs Lumbini Lions,1,Sher Malla,4.0,0,20,2,5.0
25,Janakpur Bolts vs Lumbini Lions,1,Tilak Bhandari,4.0,0,18,0,4.5
25,Janakpur Bolts vs Lumbini Lions,1,Rohit Paudel,2.0,0,15,2,7.5
25,Janakpur Bolts vs Lumbini Lions,2,Sangeeth Cooray,4.0,0,25,3,6.25
25,Janakpur Bolts vs Lumbini Lions,2,Sanjay Krishnamurthi,3.1,0,25,1,7.89
25,Janakpur Bolts vs Lumbini Lions,2,Anil Sah,3.0,0,22,0,7.33
25,Janakpur Bolts vs Lumbini Lions,2,Maaz Sadaqat,4.0,0,27,0,6.75
25,Janakpur Bolts vs Lumbini Lions,2,Sachin Bhatt,2.0,0,18,0,9.0
25,Janakpur Bolts vs Lumbini Lions,2,Mayan Yadav,1.0,0,3,2,3.0
25,Janakpur Bolts vs Lumbini Lions,2,Aaditya Mahata,2.0,0,12,0,6.0
26,Biratnagar Kings vs Sudur Paschim Royals,1,Surya Tamang,3.0,0,29,0,9.66
26,Biratnagar Kings vs Sudur Paschim Royals,1,Basir Ahamad,4.0,0,27,1,6.75
26,Biratnagar Kings vs Sudur Paschim Royals,1,Marchant de Lange,3.0,0,33,0,11.0
26,Biratnagar Kings vs Sudur Paschim Royals,1,Naren Bhatta,3.0,0,19,0,6.33
26,Biratnagar Kings vs Sudur Paschim Royals,1,Sandeep Lamichhane,4.0,0,20,3,5.0
26,Biratnagar Kings vs Sudur Paschim Royals,1,Shankar Rana,1.0,0,7,0,7.0
26,Biratnagar Kings vs Sudur Paschim Royals,1,Sam Heazlett,1.0,0,7,0,7.0
26,Biratnagar Kings vs Sudur Paschim Royals,1,Pratis GC,1.0,0,4,2,4.0
26,Biratnagar Kings vs Sudur Paschim Royals,2,Harmeet Singh,3.0,0,27,1,9.0
26,Biratnagar Kings vs Sudur Paschim Royals,2,Dhruv Parashar,2.0,0,17,0,8.5
26,Biratnagar Kings vs Sudur Paschim Royals,2,Dipendra Singh Airee,2.0,0,38,0,19.0
26,Biratnagar Kings vs Sudur Paschim Royals,2,Hikmat Mahara,1.0,0,20,0,20.0
26,Biratnagar Kings vs Sudur Paschim Royals,2,Abinash Bohara,2.5,0,38,2,13.41
26,Biratnagar Kings vs Sudur Paschim Royals,2,Puneet Mehra,1.0,0,9,0,9.0
27,Chitwan Rhinos vs Pokhara Avengers,1,Bipin Khatri,3.2,1,18,1,5.4
27,Chitwan Rhinos vs Pokhara Avengers,1,Dhananjaya Lakshan,3.4,0,20,3,5.45
27,Chitwan Rhinos vs Pokhara Avengers,1,Rishi Dhawan,2.0,0,6,0,3.0
27,Chitwan Rhinos vs Pokhara Avengers,1,Kushal Bhurtel,4.0,0,22,0,5.5
27,Chitwan Rhinos vs Pokhara Avengers,1,Rohit Chand,4.0,0,30,1,7.5
27,Chitwan Rhinos vs Pokhara Avengers,1,Kiran Thagunna,3.0,0,23,1,7.66
27,Chitwan Rhinos vs Pokhara Avengers,2,Alpesh Ramjani,4.0,0,21,0,5.25
27,Chitwan Rhinos vs Pokhara Avengers,2,Kamal Airee,2.0,0,15,0,7.5
27,Chitwan Rhinos vs Pokhara Avengers,2,Saif Zaib,4.0,0,22,1,5.5
27,Chitwan Rhinos vs Pokhara Avengers,2,Ranjit Kumar,4.0,0,16,0,4.0
27,Chitwan Rhinos vs Pokhara Avengers,2,Gautam KC,2.0,0,28,0,14.0
27,Chitwan Rhinos vs Pokhara Avengers,2,Rijan Dhakal,3.4,0,17,1,4.63
28,Janakpur Bolts vs Karnali Yaks,1,Sangeeth Cooray,4.0,0,12,1,3.0
28,Janakpur Bolts vs Karnali Yaks,1,Anil Sah,2.0,0,23,1,11.5
28,Janakpur Bolts vs Karnali Yaks,1,Maaz Sadaqat,4.0,0,27,1,6.75
28,Janakpur Bolts vs Karnali Yaks,1,Sanjay Krishnamurthi,3.0,0,17,0,5.66
28,Janakpur Bolts vs Karnali Yaks,1,Lalit Rajbanshi,3.0,0,16,2,5.33
28,Janakpur Bolts vs Karnali Yaks,1,Tul Thapa,2.0,0,15,0,7.5
28,Janakpur Bolts vs Karnali Yaks,1,Mayan Yadav,1.0,0,9,0,9.0
28,Janakpur Bolts vs Karnali Yaks,1,Aaditya Mahata,1.0,0,9,2,9.0
28,Janakpur Bolts vs Karnali Yaks,2,William Bosisto,4.0,0,18,2,4.5
28,Janakpur Bolts vs Karnali Yaks,2,Mark Watt,4.0,1,9,1,2.25
28,Janakpur Bolts vs Karnali Yaks,2,Pawan Sarraf,4.0,0,27,1,6.75
28,Janakpur Bolts vs Karnali Yaks,2,Dipendra Rawat,3.0,0,29,0,9.66
28,Janakpur Bolts vs Karnali Yaks,2,Nandan Yadav,3.0,0,23,1,7.66
28,Janakpur Bolts vs Karnali Yaks,2,Sompal Kami,2.0,0,11,1,5.5
29,Sudur Paschim Royals vs Biratnagar Kings (Q1),1,Marchant de Lange,4.0,0,23,2,5.75
29,Sudur Paschim Royals vs Biratnagar Kings (Q1),1,Pratis GC,3.0,0,31,2,10.33
29,Sudur Paschim Royals vs Biratnagar Kings (Q1),1,Basir Ahamad,4.0,0,32,0,8.0
29,Sudur Paschim Royals vs Biratnagar Kings (Q1),1,Sandeep Lamichhane,4.0,0,16,0,4.0
29,Sudur Paschim Royals vs Biratnagar Kings (Q1),1,Surya Tamang,1.0,0,13,1,13.0
29,Sudur Paschim Royals vs Biratnagar Kings (Q1),1,Naren Bhatta,2.0,0,17,0,8.5
29,Sudur Paschim Royals vs Biratnagar Kings (Q1),1,Sam Heazlett,2.0,0,19,1,9.5
29,Sudur Paschim Royals vs Biratnagar Kings (Q1),2,Scott Kuggeleijn,3.0,0,9,2,3.0
29,Sudur Paschim Royals vs Biratnagar Kings (Q1),2,Harmeet Singh,4.0,0,20,2,5.0
29,Sudur Paschim Royals vs Biratnagar Kings (Q1),2,Hemant Dhami,2.0,0,12,1,6.0
29,Sudur Paschim Royals vs Biratnagar Kings (Q1),2,Abinash Bohara,3.1,0,22,2,6.94
29,Sudur Paschim Royals vs Biratnagar Kings (Q1),2,Dipendra Singh Airee,1.0,0,9,1,9.0
29,Sudur Paschim Royals vs Biratnagar Kings (Q1),2,Milan Bohara,1.0,0,6,0,6.0
30,Kathmandu Gorkhas vs Lumbini Lions (Eliminator),1,JJ Smit,1.0,0,4,0,4.0
30,Kathmandu Gorkhas vs Lumbini Lions (Eliminator),1,Sher Malla,4.0,0,22,3,5.5
30,Kathmandu Gorkhas vs Lumbini Lions (Eliminator),1,Ruben Trumpelmann,3.1,1,10,2,3.15
30,Kathmandu Gorkhas vs Lumbini Lions (Eliminator),1,Tilak Bhandari,3.0,0,13,0,4.33
30,Kathmandu Gorkhas vs Lumbini Lions (Eliminator),1,Rohit Paudel,4.0,0,25,3,6.25
30,Kathmandu Gorkhas vs Lumbini Lions (Eliminator),1,Abhishesh Gautam,4.0,0,33,1,8.25
30,Kathmandu Gorkhas vs Lumbini Lions (Eliminator),2,Karan KC,1.4,0,16,1,9.6
30,Kathmandu Gorkhas vs Lumbini Lions (Eliminator),2,Milind Kumar,4.0,0,21,0,5.25
30,Kathmandu Gorkhas vs Lumbini Lions (Eliminator),2,Sunny Patel,4.0,0,14,1,3.5
30,Kathmandu Gorkhas vs Lumbini Lions (Eliminator),2,Shahab Alam,4.0,0,22,1,5.5
30,Kathmandu Gorkhas vs Lumbini Lions (Eliminator),2,Bhim Sharki,1.0,0,9,0,9.0
30,Kathmandu Gorkhas vs Lumbini Lions (Eliminator),2,Santosh Yadav,2.0,0,17,2,8.5
30,Kathmandu Gorkhas vs Lumbini Lions (Eliminator),2,Rashid Khan,1.0,0,12,1,12.0
31,Biratnagar Kings vs Lumbini Lions (Q2),1,Marchant de Lange,4.0,0,37,0,9.25
31,Biratnagar Kings vs Lumbini Lions (Q2),1,Subash Bhandari,4.0,0,14,3,3.5
31,Biratnagar Kings vs Lumbini Lions (Q2),1,Naren Bhatta,3.0,0,27,0,9.0
31,Biratnagar Kings vs Lumbini Lions (Q2),1,Sandeep Lamichhane,4.0,0,18,2,4.5
31,Biratnagar Kings vs Lumbini Lions (Q2),1,Pratis GC,4.0,0,27,3,6.75
31,Biratnagar Kings vs Lumbini Lions (Q2),1,Sam Heazlett,1.0,0,11,0,11.0
31,Biratnagar Kings vs Lumbini Lions (Q2),2,Ruben Trumpelmann,3.0,0,9,2,3.0
31,Biratnagar Kings vs Lumbini Lions (Q2),2,Sher Malla,4.0,0,31,1,7.75
31,Biratnagar Kings vs Lumbini Lions (Q2),2,JJ Smit,2.5,0,15,2,5.29
31,Biratnagar Kings vs Lumbini Lions (Q2),2,Tilak Bhandari,4.0,0,15,3,3.75
31,Biratnagar Kings vs Lumbini Lions (Q2),2,Abhishesh Gautam,4.0,0,22,2,5.5
32,Sudur Paschim Royals vs Lumbini Lions (Final),1,Ruben Trumpelmann,2.1,0,3,3,1.38
32,Sudur Paschim Royals vs Lumbini Lions (Final),1,Sher Malla,4.0,0,18,3,4.5
32,Sudur Paschim Royals vs Lumbini Lions (Final),1,Abhishesh Gautam,3.0,0,15,0,5.0
32,Sudur Paschim Royals vs Lumbini Lions (Final),1,Rohit Paudel,4.0,0,12,3,3.0
32,Sudur Paschim Royals vs Lumbini Lions (Final),1,Tilak Bhandari,4.0,0,26,1,6.5
32,Sudur Paschim Royals vs Lumbini Lions (Final),1,Movin Subasingha,2.0,0,10,0,5.0
32,Sudur Paschim Royals vs Lumbini Lions (Final),2,Dipendra Singh Airee,2.0,0,29,1,14.5
32,Sudur Paschim Royals vs Lumbini Lions (Final),2,Scott Kuggeleijn,2.0,0,22,0,11.0
32,Sudur Paschim Royals vs Lumbini Lions (Final),2,Harmeet Singh,2.0,0,13,0,6.5
32,Sudur Paschim Royals vs Lumbini Lions (Final),2,Hemant Dhami,1.0,0,9,2,9.0
32,Sudur Paschim Royals vs Lumbini Lions (Final),2,Ishan Pandey,1.0,0,11,0,11.0
32,Sudur Paschim Royals vs Lumbini Lions (Final),2,Abinash Bohara,1.0,0,1,1,1.0
