,player,batting_style,bowling_style,playing_role,team,image_url
0,Aaditya Mahata,,,,,
1,Aakash Chand,Right-handed,Right-arm medium,Bowler,Nepal,
2,Aakash Tripathi,,,,,
3,Aarif Sheikh,Right-handed,Right-arm  medium,Batsman,Nepal,https://upload.wikimedia.org/wikipedia/commons/thumb/9/9b/Flag_of_Nepal.svg/20px-Flag_of_Nepal.svg.png
4,Aasif Sheikh,,,,,https://upload.wikimedia.org/wikipedia/commons/thumb/2/24/Aasif_Sheikh.jpg/250px-Aasif_Sheikh.jpg
5,Abhisekh Tiwari,,,,,
6,Abhishesh Gautam,,,,,
7,Abinash Bohara,Right-handed,Right-arm medium,Bowler,Nepal,https://upload.wikimedia.org/wikipedia/commons/thumb/9/9b/Flag_of_Nepal.svg/20px-Flag_of_Nepal.svg.png
8,Adam Rossington,Right handed,,Wicket-keeper batsman,,https://upload.wikimedia.org/wikipedia/commons/thumb/f/f9/2_16_Adam_Rossington.jpg/250px-2_16_Adam_Rossington.jpg
9,Amar Routela,,,,,
10,Anil Sah,Right-handed,Right-arm  off break,Wicket-keeper-batter,Nepal,
11,Arjun Gharti,,,,,
12,Arjun Saud,Right-handed,,Wicket-keeper batsman,Nepal,
13,Basir Ahamad,Left-handed,Slow left-arm orthodox,,Nepal,
14,Ben Charlesworth,Left-handed,Right-arm  medium-fast,Batsman,,https://upload.wikimedia.org/wikipedia/commons/thumb/2/2f/2_67_Ben_Charlesworth.jpg/250px-2_67_Ben_Charlesworth.jpg
15,Bhim Sharki,Right-handed,Right-arm off-break,Batsman,Nepal,
16,Bikash Aagri,,,,,
17,Binod Bhandari,Right-handed,,wicket-keeper batsman,Nepal,https://upload.wikimedia.org/wikipedia/commons/thumb/e/e6/%E0%A4%B5%E0%A4%BF%E0%A4%A8%E0%A5%8B%E0%A4%A6_%E0%A4%AD%E0%A4%A3%E0%A5%8D%E0%A4%A1%E0%A4%BE%E0%A4%B0%E0%A5%80_1.jpg/250px-%E0%A4%B5%E0%A4%BF%E0%A4%A8%E0%A5%8B%E0%A4%A6_%E0%A4%AD%E0%A4%A3%E0%A5%8D%E0%A4%A1%E0%A4%BE%E0%A4%B0%E0%A5%80_1.jpg?utm_source=en.wikipedia.org&utm_campaign=parser&utm_content=thumbnail
18,Bipin Khatri,,,,,
19,Bipin Sharma,,,,,
20,Chris Lynn,Right-handed,Slow left-arm orthodox,Batter,Australia,https://upload.wikimedia.org/wikipedia/commons/thumb/e/ef/Brisbane_Heat_vs_Melbourne_Stars_T20_7_%28cropped%29.jpg/250px-Brisbane_Heat_vs_Melbourne_Stars_T20_7_%28cropped%29.jpg
21,D'Arcy Short,Left-handed,Left-arm unorthodox spin,Opening batter,Australia,https://upload.wikimedia.org/wikipedia/commons/thumb/8/8f/2018.02.03.20.04.13-AUSvNZL_T20_NZL_innings%2C_SCG_%2825557959457%29.jpg/250px-2018.02.03.20.04.13-AUSvNZL_T20_NZL_innings%2C_SCG_%2825557959457%29.jpg
22,Dan Douthwaite,Right-handed,Right-arm  medium-fast,,,
23,Dawid Malan,Left-handed,Right-arm  leg break,Top-order batter,England,https://upload.wikimedia.org/wikipedia/commons/thumb/0/00/3_03_Malan_continues_%28cropped%29.jpg/250px-3_03_Malan_continues_%28cropped%29.jpg
24,Deepak Bohara,,,,,https://upload.wikimedia.org/wikipedia/en/thumb/a/af/Deepak_Bohara.jpg/250px-Deepak_Bohara.jpg
25,Deepak Dumre,,,,,
26,Dev Khanal,Right-handed,Right-arm offbreak,Batsman,Nepal,https://upload.wikimedia.org/wikipedia/commons/thumb/a/af/Dev-khanal-dk_%28cropped%29.jpg/250px-Dev-khanal-dk_%28cropped%29.jpg
27,Dilip Nath,Left-handed,,Wicket-keeper,Nepal,
28,Dinesh Kharel,,,,,
29,Dipendra Singh Airee,Right-handed,Right-arm off break,All-rounder,Nepal,https://upload.wikimedia.org/wikipedia/commons/thumb/2/2f/Dsairee.jpg/250px-Dsairee.jpg
30,Dipesh Kandel,,,,,
31,George Munsey,Left-handed,Right-arm  medium-fast,Batsman,Scotland,
32,Gerhard Erasmus,Right-handed,Right-arm  off break,All-rounder,Namibia,
33,Gulbadin Naib,Right-handed,Right-arm  fast-medium,Batting  all-rounder,Afghanistan,https://upload.wikimedia.org/wikipedia/commons/thumb/f/fc/Gulbadin_Naib.jpg/250px-Gulbadin_Naib.jpg
34,Gulsan Jha,Left-handed,Right-arm  medium,All-rounder,Nepal,https://upload.wikimedia.org/wikipedia/commons/thumb/e/e8/Gulshan-Jha.png/250px-Gulshan-Jha.png
35,Harmeet Singh,,,,,
36,Hemant Dhami,,,,,
37,Ishan Pandey,Left-handed,,All-rounder,Nepal,
38,JJ Smit,Right-handed,Left-arm  medium-fast,Bowling all-rounder,Namibia,
39,James Neesham,Left-handed,Right-arm  medium-fast,Batting  all-rounder,New Zealand,https://upload.wikimedia.org/wikipedia/commons/thumb/3/3e/Flag_of_New_Zealand.svg/40px-Flag_of_New_Zealand.svg.png
40,Jan Nicol Loftie-Eaton,Left-handed,"Right-arm medium, leg break","Batter, Occasional Wicketkeeper",Namibia,
41,John Simpson,,,,,
42,Josh Brown,,,,,
43,Kamal Airee,Right handed,Right arm medium,,Nepal,
44,Karan KC,Right-handed,Right-arm  fast-medium,Bowling all-rounder,Nepal,https://upload.wikimedia.org/wikipedia/commons/thumb/6/6b/Karan_Kc_Nepali_Cricketer.jpg/250px-Karan_Kc_Nepali_Cricketer.jpg
45,Kiran Thagunna,Right-handed,Right-arm off break,,Nepal,
46,Kishor Mahato,,,,,
47,Kushal Bhurtel,Right-handed,Right-arm  leg break,Opening batter,Nepal,https://upload.wikimedia.org/wikipedia/commons/thumb/f/ff/Kushal-bhurtel.jpg/250px-Kushal-bhurtel.jpg
48,Kushal Malla,Left-handed,Slow left arm orthodox,Batting  all-rounder,Nepal,https://upload.wikimedia.org/wikipedia/commons/thumb/e/ee/Kushal-malla-4.jpg/250px-Kushal-malla-4.jpg
49,Lahiru Milantha,Left-handed,,Wicket-keeper Batter,,
50,Lahiru Samarakoon,Left-handed,Right-arm  fast-medium,All-rounder,Sri Lanka,
51,Lalit Rajbanshi,Right-handed,Slow left-arm orthodox,Bowler,Nepal,https://upload.wikimedia.org/wikipedia/commons/thumb/9/9b/Flag_of_Nepal.svg/20px-Flag_of_Nepal.svg.png
52,Lokesh Bam,Right-handed,,Wicket-keeper-batter,Nepal,https://upload.wikimedia.org/wikipedia/commons/thumb/6/67/Lokesh-bam-cricketer.jpg/250px-Lokesh-bam-cricketer.jpg
53,Maaz Sadaqat,Left-handed,Slow left-arm orthodox,Batting  all-rounder,Pakistan,
54,Marchant de Lange,Right-handed,Right-arm  fast,Bowler,South Africa,https://upload.wikimedia.org/wikipedia/commons/thumb/f/f8/1_36_Marchant_de_Lange.jpg/250px-1_36_Marchant_de_Lange.jpg
55,Mark Watt,Left-handed,Slow left-arm orthodox,Bowler,Scotland,https://upload.wikimedia.org/wikipedia/commons/thumb/c/ca/1_68_Mark_Watt.jpg/250px-1_68_Mark_Watt.jpg
56,Martin Guptill,Right-handed,Right-arm  off-break,Opening batter,New Zealand,https://upload.wikimedia.org/wikipedia/commons/thumb/1/1f/Martin_Guptill_2_%28cropped%29.jpg/250px-Martin_Guptill_2_%28cropped%29.jpg
57,Matt Taylor,,,,,
58,Max O'Dowd,Right-handed,Right-arm  off spin,Batsman,Netherlands,
59,Mayan Yadav,,,,,
60,Milind Kumar,Right-handed,Right-arm off-break,Batsman,United States,
61,Mohammad Aadil Alam,Right-handed,Right-arm medium,"All Rounder, Middle Order Batsman - 5",Nepal,https://upload.wikimedia.org/wikipedia/commons/thumb/8/83/Mohammad_Aadil_Alam.jpg/250px-Mohammad_Aadil_Alam.jpg
62,Najibullah Zadran,Left-handed,Right-arm  off break,Middle-order batter,Afghanistan,
63,Nandan Yadav,Right-handed,Right arm medium,Bowler,Nepal,
64,Narayan Joshi,,,,,
65,Naren Bhatta,,,,,
66,Naren Saud,,,,,
67,Niroshan Dickwella,Left-handed,,Wicket-keeper-batter,Sri Lanka,
68,Pawan Sarraf,Right-handed,Right-arm  off break,All-rounder,Nepal,https://upload.wikimedia.org/wikipedia/commons/thumb/9/9b/Flag_of_Nepal.svg/20px-Flag_of_Nepal.svg.png
69,Pratik Shrestha,,,,,
70,Pratis GC,Right-handed,,Left-arm medium,Nepal,https://upload.wikimedia.org/wikipedia/commons/thumb/7/74/Pratish-gc.jpg/250px-Pratish-gc.jpg
71,Priyank Panchal,Right-handed,Right-arm  medium,Opening batter,,https://upload.wikimedia.org/wikipedia/commons/thumb/a/ae/Priyank_Panchal.jpg/250px-Priyank_Panchal.jpg
72,Ranjit Kumar,,,,,
73,Rashid Khan,Right-handed,Leg break  googly,Bowling All-rounder,Afghanistan,https://upload.wikimedia.org/wikipedia/commons/thumb/7/71/Rashid_Khan.jpg/250px-Rashid_Khan.jpg
74,Ravi Bopara,Right-handed,Right-arm  medium,Batting  all-rounder,England,https://upload.wikimedia.org/wikipedia/commons/thumb/9/99/Ravi_Bopara.jpg/250px-Ravi_Bopara.jpg
75,Ricardo Vasconcelos,Left-handed,,Wicket-keeper,,
76,Rijan Dhakal,Right-handed,Left arm medium,Bowler,Nepal,
77,Rohit Paudel,Right-handed,Right-arm offbreak,Batting  all-rounder,Nepal,https://upload.wikimedia.org/wikipedia/commons/thumb/c/c5/Rohit-Paudel-Pic.jpg/250px-Rohit-Paudel-Pic.jpg
78,Ruben Trumpelmann,Right-handed,Left-arm fast,,Namibia,
79,Rupesh Singh,,,,,
80,Sachin Bhatt,,,,,
81,Sagar Dhakal,Right-handed,Slow left arm orthodox,Bowler,Nepal,
82,Sahil Patel,,,,,
83,Saif Zaib,Left-handed,Slow left-arm orthodox,Batsman,,
84,Sam Heazlett,Left-handed,Slow left-arm orthodox,Batter,Australia,
85,Sameer Ali Musalman,,,,,
86,Sandeep Lamichhane,Right-handed,Leg break,,Nepal,https://upload.wikimedia.org/wikipedia/commons/thumb/a/a7/Sandeep_Lamichhane_in_2018.png/250px-Sandeep_Lamichhane_in_2018.png
87,Sangeeth Cooray,,,,,
88,Sanjay Krishnamurthi,Right-handed,Slow  left arm orthodox,All-rounder,United States,
89,Santosh Yadav,,,,,https://upload.wikimedia.org/wikipedia/commons/thumb/a/a4/The_renowned_mountaineer%2C_Smt._Santosh_Yadav_releasing_a_book_%E2%80%98Parvatarohan_Ka_Romanch%E2%80%99%2C_brought_by_the_Publications_Division%2C_in_New_Delhi_on_September_04%2C_2008_%28cropped%29.jpg/250px-thumbnail.jpg
90,Saugat Dhakal,,,,,
91,Scott Kuggeleijn,Right-handed,Right-arm  fast-medium,Bowling  all-rounder,New Zealand,https://upload.wikimedia.org/wikipedia/commons/thumb/7/7f/Scott_Kuggeleijn.jpg/250px-Scott_Kuggeleijn.jpg
92,Shahab Alam,Right-handed,Slow left arm orthodox,Bowler,Nepal,
93,Sher Malla,Left-handed,Right-arm-offbreak,Bowler,Nepal,https://upload.wikimedia.org/wikipedia/commons/thumb/9/90/Sher-malla-nepalese-cricketer.jpg/250px-Sher-malla-nepalese-cricketer.jpg
94,Shubh Kansakar,,,,,
95,Shubham Ranjane,,,All-rounder,United States,https://upload.wikimedia.org/wikipedia/commons/thumb/3/38/Shubham_Ranjane.jpg/250px-Shubham_Ranjane.jpg
96,Sohail Tanvir,Left-handed,Left-arm  medium-fast,Bowling  All-Rounder,Pakistan,https://upload.wikimedia.org/wikipedia/commons/thumb/7/70/Sohail_Tanvir_with_a_native_eagle_in_the_UAE.jpg/250px-Sohail_Tanvir_with_a_native_eagle_in_the_UAE.jpg
97,Sompal Kami,Right-handed,Right-arm  Fast medium,Bowling  all-rounder,Nepal,https://upload.wikimedia.org/wikipedia/commons/thumb/0/06/Sompal_Kami_Cricketer.jpg/250px-Sompal_Kami_Cricketer.jpg
98,Sumeet Verma,Right-handed,Right arm  off break,,Uganda,
99,Sumit Maharjan,,,,,
100,Sundeep Jora,Right-handed,,Batsman,Nepal,https://upload.wikimedia.org/wikipedia/commons/thumb/9/9b/Flag_of_Nepal.svg/20px-Flag_of_Nepal.svg.png
101,Sunny Patel,,,,,
102,Surya Tamang,,,,,
103,Thomas Draca,Right-handed,Right arm medium,Bowler,Italy,
104,Tilak Bhandari,Right-handed,Right-arm leg break,Bowler,,
105,Trit Raj Das,,,,,
106,Unish Singh,,,,,
107,Wayne Parnell,Left-handed,Left-arm  medium-fast,Bowler,South Africa,https://upload.wikimedia.org/wikipedia/commons/thumb/8/85/WAYNE_PARNELL_%2815520474620%29.jpg/250px-WAYNE_PARNELL_%2815520474620%29.jpg?utm_source=en.wikipedia.org&utm_campaign=parser&utm_content=thumbnail
108,William Bosisto,Right-handed,Right-arm  off break,Batter,,
109,Yuvraj Khatri,,,,,
110,Alpesh Ramjani,Left-handed,Slow left-arm orthodox,All-rounder,Uganda,
111,Arjun Kumal,,,,,https://upload.wikimedia.org/wikipedia/en/thumb/6/6d/Cricket_Association_of_Nepal_logo.svg/250px-Cricket_Association_of_Nepal_logo.svg.png
112,Dhananjaya Lakshan,Left-handed,Right-arm medium-fast,All rounder,Sri Lanka,
113,Dhruv Parashar,Right-handed,Right-arm  off spin,All-rounder,United Arab Emirates,
114,Dinesh Adhikari,,,,,
115,Dipak Bohara,,,,,
116,Dipendra Rawat,,,,,
117,Faf du Plessis,Right-handed,Right-arm  leg-break,Top-order  batter,South Africa,https://upload.wikimedia.org/wikipedia/commons/thumb/8/87/Faf_du_Plessis_2019_Boxing_Day.jpg/250px-Faf_du_Plessis_2019_Boxing_Day.jpg
118,Gautam KC,,,,,
119,George Scrimshaw,,,,,
120,Hikmat Mahara,,,,,
121,Imran Sheikh,,,all-rounder,,
122,Jason Roy,Right-handed,Right-arm  medium,Opening batsman,England,https://upload.wikimedia.org/wikipedia/commons/thumb/e/ed/Jason_Roy_with_the_Sydney_Sixers.jpg/250px-Jason_Roy_with_the_Sydney_Sixers.jpg
123,Jaykishan Kolsawala,Left-handed,,Wicket-keeper,,
124,Milan Bohara,,,,,
125,Movin Subasingha,Right hand Bat,Right arm Offbreak,Allrounder,,
126,Mukhtar Ahmed,,,,,
127,Puneet Mehra,,,,,
128,Rishi Dhawan,Right-handed,Right-arm  medium-fast,All-rounder,India,
129,Rohit Chand,,,,,https://upload.wikimedia.org/wikipedia/commons/thumb/6/6d/Rohit_Chand_SubasTheOne2017.jpg/250px-Rohit_Chand_SubasTheOne2017.jpg
130,Sandeep Chettri,,,,,
131,Shankar Rana,,,,,
132,Sheldon Jackson,,,,,https://upload.wikimedia.org/wikipedia/commons/thumb/7/76/Sheldon_Jackson.jpg/250px-Sheldon_Jackson.jpg?utm_source=en.wikipedia.org&utm_campaign=parser&utm_content=thumbnail
133,Subash Bhandari,,,,,
134,Tul Thapa,,,,,
